RequirementID,Requirement,Module,CandidateDataEntities,ScreenOrSurface,PlannedVerificationIDs,AcceptanceCriterion,Status
UX-001,Operational shell,Presentation & accessibility,—,Application shell; all module screens; dialogs,AT-UX-001-P;AT-UX-001-N;AT-UX-001-A;AT-UX-001-C;AT-UX-001-V,"Provide the branded DCMS Pro header, clinic identity, current clinic date, notification center, signed-in user and session/security state.",Not Run
UX-002,Complete navigation,Presentation & accessibility,—,Application shell; all module screens; dialogs,AT-UX-002-P;AT-UX-002-N;AT-UX-002-A;AT-UX-002-C;AT-UX-002-V,"Practice: Dashboard, Patients, Appointments, Queue. Clinical: Treatments, Prescriptions. Billing: Invoice, Payments, Inventory, Accounting. Administration: Staff & Users, Backup & Restore, Settings, About. Every item opens a real, permission-aware screen.",Not Run
UX-003,Navigation behavior,Presentation & accessibility,—,Application shell; all module screens; dialogs,AT-UX-003-P;AT-UX-003-N;AT-UX-003-A;AT-UX-003-C;AT-UX-003-V,"Sidebar expands/collapses; target about 280 px expanded and 72 px collapsed. Active, hover, focus, disabled and selected states are visible and keyboard accessible.",Not Run
UX-004,Responsive layout,Presentation & accessibility,—,Application shell; all module screens; dialogs,AT-UX-004-P;AT-UX-004-N;AT-UX-004-A;AT-UX-004-C;AT-UX-004-V,"Use a consistent spacing/type system and a responsive 12-column grid where appropriate; target 24 px desktop page padding and 68–76 px header. Balanced card placement must not wrap accidentally. Support 1024×768, 1280×720, 1366×768, 1440×900, 1920×1080, 2560×1440 and 3840×2160 at practical coverage.",Not Run
UX-005,Scaling and overflow,Presentation & accessibility,—,Application shell; all module screens; dialogs,AT-UX-005-P;AT-UX-005-N;AT-UX-005-A;AT-UX-005-C;AT-UX-005-V,"Verify 100%, 125%, 150%, 175% and 200% Windows scaling where possible. Long pages/forms/modals scroll; tables scroll or adapt rather than clip; no essential control becomes unreachable; no text escapes a card, tab, modal, button or navigation item.",Not Run
UX-006,Premium design system,Presentation & accessibility,—,Application shell; all module screens; dialogs,AT-UX-006-P;AT-UX-006-N;AT-UX-006-A;AT-UX-006-C;AT-UX-006-V,"Document palette, typography, spacing, elevation, states, icon sizing/alignment, responsive behavior and reduced-motion behavior. Typography has explicit application/page/section/card/body/metadata/table/label/button/input/helper/error roles with consistent sizes and line heights. Record a coherent palette, initially considering `#0F172A` navy, `#0F766E` teal, `#2563EB` blue, `#F8FAFC` background, `#FFFFFF` surface, `#64748B` secondary text, `#16A34A` success, `#D97706` warning, `#DC2626` danger and `#E2E8F0` border; Phase 2 may refine values after contrast/visual review. Use locally bundled, redistributable fonts with Bengali coverage; no paid icon/font/component dependency. Motion is restrained, performant and honors reduced motion where available.",Not Run
UX-007,Honest interaction,Presentation & accessibility,—,Application shell; all module screens; dialogs,AT-UX-007-P;AT-UX-007-N;AT-UX-007-A;AT-UX-007-C;AT-UX-007-V,"No false/fake button, navigation, tab, upload, print, export, search, filter, sort, pagination, date range, modal, save, cancel or delete. If an action is not delivered in the current scope, do not present it as working.",Not Run
UX-008,Data states,Presentation & accessibility,—,Application shell; all module screens; dialogs,AT-UX-008-P;AT-UX-008-N;AT-UX-008-A;AT-UX-008-C;AT-UX-008-V,"Every data-driven screen provides loading, populated, meaningful empty and actionable error states. Loading never substitutes fabricated data. Retry exists where safe.",Not Run
UX-009,Keyboard/accessibility,Presentation & accessibility,—,Application shell; all module screens; dialogs,AT-UX-009-P;AT-UX-009-N;AT-UX-009-A;AT-UX-009-C;AT-UX-009-V,"Visible focus, logical reading/tab order, reliable Enter/Escape behavior, keyboard shortcuts for global search, navigation, new patient/appointment/visit/prescription/invoice, save/cancel/back/print/lock, and no focus trap or keyboard-only dead end.",Not Run
UX-010,High-DPI controls,Presentation & accessibility,—,Application shell; all module screens; dialogs,AT-UX-010-P;AT-UX-010-N;AT-UX-010-A;AT-UX-010-C;AT-UX-010-V,Icons and button labels are consistently sized and optically centered; text remains readable with long and Bengali content. Dialog dimensions are constrained to the usable viewport and scroll when needed.,Not Run
SET-001,Offline activation gate,Activation & first-run setup,activation_state; setup_draft; clinic_profile; dentists; users; roles; settings,Activation screen; setup wizard; setup review,AT-SET-001-P;AT-SET-001-N;AT-SET-001-A;AT-SET-001-C;AT-SET-001-V,"First-launch activation precedes application setup and production access. Verify locally using an Argon2id-derived, salted verifier and constant-time comparison. Do not log, persist, display, test-fixture, document or scatter plaintext activation code. Handle invalid/repeated input professionally and honestly explain the local/offline nature; no network call.",Not Run
SET-002,Setup wizard,Activation & first-run setup,activation_state; setup_draft; clinic_profile; dentists; users; roles; settings,Activation screen; setup wizard; setup review,AT-SET-002-P;AT-SET-002-N;AT-SET-002-A;AT-SET-002-C;AT-SET-002-V,"Collect clinic/dental-care identity, logo, address, contacts, business identity, hours, footer/advice/invoice configuration and defaults; validate each step and provide previous/next navigation.",Not Run
SET-003,Dentist profiles,Activation & first-run setup,activation_state; setup_draft; clinic_profile; dentists; users; roles; settings,Activation screen; setup wizard; setup review,AT-SET-003-P;AT-SET-003-N;AT-SET-003-A;AT-SET-003-C;AT-SET-003-V,"Capture professional name, designation(s), qualification(s)/certification(s), contact information, schedule and signature information where used. Support multiple independent dentist records and multiple designation/qualification rows per dentist.",Not Run
SET-004,Initial owner and defaults,Activation & first-run setup,activation_state; setup_draft; clinic_profile; dentists; users; roles; settings,Activation screen; setup wizard; setup review,AT-SET-004-P;AT-SET-004-N;AT-SET-004-A;AT-SET-004-C;AT-SET-004-V,"Create the first administrative login without a default password; initialize security, auto-lock, backup, printer and foundational application settings. Create baseline roles and permissions.",Not Run
SET-005,"Recoverable, atomic setup",Activation & first-run setup,activation_state; setup_draft; clinic_profile; dentists; users; roles; settings,Activation screen; setup wizard; setup review,AT-SET-005-P;AT-SET-005-N;AT-SET-005-A;AT-SET-005-C;AT-SET-005-V,Back/forward preserves valid entries. Interruption resumes a durable setup draft. Production navigation is unavailable until final validation and one atomic finalization succeeds; failures cannot expose a half-configured clinic.,Not Run
SET-006,Setup review,Activation & first-run setup,activation_state; setup_draft; clinic_profile; dentists; users; roles; settings,Activation screen; setup wizard; setup review,AT-SET-006-P;AT-SET-006-N;AT-SET-006-A;AT-SET-006-C;AT-SET-006-V,"Show a review/confirmation step and explain selected storage, printer/backup and security settings before finalizing; allow safe correction before commit.",Not Run
ADM-001,Real settings center,Administration & settings,clinic_profile; dentists; users; roles; settings; audit_events,Settings; Staff & Users; About; destructive confirmation,AT-ADM-001-P;AT-ADM-001-N;AT-ADM-001-A;AT-ADM-001-C;AT-ADM-001-V,Provide working controls for clinic profile/branding; dentist profiles; users/roles; appointment/patient settings; clinical/prescription templates; invoice/BDT settings; printer/paper profiles; notifications; backup; auto-lock/security; database maintenance; audit; appearance; localization/date/time. Only settings actually supported may appear.,Not Run
ADM-002,Destructive configuration safeguards,Administration & settings,clinic_profile; dentists; users; roles; settings; audit_events,Settings; Staff & Users; About; destructive confirmation,AT-ADM-002-P;AT-ADM-002-N;AT-ADM-002-A;AT-ADM-002-C;AT-ADM-002-V,"Separate destructive actions, state consequences, require explicit confirmation and current admin authentication where appropriate, and create a pre-action backup when technically safe. Cancel must leave data unchanged.",Not Run
ADM-003,About,Administration & settings,clinic_profile; dentists; users; roles; settings; audit_events,Settings; Staff & Users; About; destructive confirmation,AT-ADM-003-P;AT-ADM-003-N;AT-ADM-003-A;AT-ADM-003-C;AT-ADM-003-V,Show DCMS Pro product information and only the supplied creator name/email; make no unsupported corporate or professional claims.,Not Run
SEC-001,Password handling,"Security, identity, RBAC & audit",users; password_verifiers; sessions; roles; permissions; audit_events; settings,Login; lock; role editor; protected data screens,AT-SEC-001-P;AT-SEC-001-N;AT-SEC-001-A;AT-SEC-001-C;AT-SEC-001-V,"Unique usernames; modern salted Argon2id password hashing; never store/log/display passwords or put them in configuration. Validate credentials, failed logins and session transitions.",Not Run
SEC-002,Roles,"Security, identity, RBAC & audit",users; password_verifiers; sessions; roles; permissions; audit_events; settings,Login; lock; role editor; protected data screens,AT-SEC-002-P;AT-SEC-002-N;AT-SEC-002-A;AT-SEC-002-C;AT-SEC-002-V,"Baseline Owner/Admin, Dentist, Receptionist, Assistant/Nurse, Accountant/Finance and Inventory/Store; administrators can configure additional roles and permissions. Staff profile and login account are separate and optional.",Not Run
SEC-003,Granular permissions,"Security, identity, RBAC & audit",users; password_verifiers; sessions; roles; permissions; audit_events; settings,Login; lock; role editor; protected data screens,AT-SEC-003-P;AT-SEC-003-N;AT-SEC-003-A;AT-SEC-003-C;AT-SEC-003-V,"Independently govern view/create/edit/delete/void/finalize/export/print and destructive operations by module/entity; include patients, demographics/sensitive history, visits, dental chart, prescriptions, appointments, queue, treatments, invoices, payment entry/history/analytics, inventory, accounting, reports, staff/PII/salary, users/roles, backup, restore, settings, audit, search and notifications.",Not Run
SEC-004,Service-layer enforcement,"Security, identity, RBAC & audit",users; password_verifiers; sessions; roles; permissions; audit_events; settings,Login; lock; role editor; protected data screens,AT-SEC-004-P;AT-SEC-004-N;AT-SEC-004-A;AT-SEC-004-C;AT-SEC-004-V,"Every privileged Rust use case and every result/search query verifies the authenticated session and permission. Financial permission is independent from invoice/payment entry; restricted financial totals, balances, reports and search previews are not returned to unauthorized clients. Hiding UI controls is never the enforcement boundary.",Not Run
SEC-005,Auto-lock,"Security, identity, RBAC & audit",users; password_verifiers; sessions; roles; permissions; audit_events; settings,Login; lock; role editor; protected data screens,AT-SEC-005-P;AT-SEC-005-N;AT-SEC-005-A;AT-SEC-005-C;AT-SEC-005-V,"Administrator-configurable 5/10/15/30-minute inactivity timeout, lock screen hides protected data, re-authentication required. Warn or preserve drafts before lock; never silently discard unsaved work.",Not Run
SEC-006,Audit events,"Security, identity, RBAC & audit",users; password_verifiers; sessions; roles; permissions; audit_events; settings,Login; lock; role editor; protected data screens,AT-SEC-006-P;AT-SEC-006-N;AT-SEC-006-A;AT-SEC-006-C;AT-SEC-006-V,"Record timestamp, user, action, entity/type/id, outcome, safe summary and suitable metadata for login/logout/failures, patient and clinical changes, prescriptions, invoice/payment, inventory/accounting, staff/users/roles, backup/restore, destructive and settings/security actions. No secret or unnecessary clinical detail in logs.",Not Run
SEC-007,Audit protection,"Security, identity, RBAC & audit",users; password_verifiers; sessions; roles; permissions; audit_events; settings,Login; lock; role editor; protected data screens,AT-SEC-007-P;AT-SEC-007-N;AT-SEC-007-A;AT-SEC-007-C;AT-SEC-007-V,"Audit access is permission-gated and user-facing edits/deletes are disabled or tightly restricted. Make ordinary-user tampering evident (append-only application path and, if technically sound, chained integrity hashes); explicitly do not promise forensic protection from a local OS administrator or binary/database owner.",Not Run
SEC-008,Local data protection,"Security, identity, RBAC & audit",users; password_verifiers; sessions; roles; permissions; audit_events; settings,Login; lock; role editor; protected data screens,AT-SEC-008-P;AT-SEC-008-N;AT-SEC-008-A;AT-SEC-008-C;AT-SEC-008-V,Protect application data directories using Windows user-scoped storage/ACLs and a vetted at-rest encryption/key protection design. Clearly document the local administrator/malware threat boundary and recovery-key consequences. No plaintext test accounts or development bypasses in release builds.,Not Run
SEC-009,Safe commands and files,"Security, identity, RBAC & audit",users; password_verifiers; sessions; roles; permissions; audit_events; settings,Login; lock; role editor; protected data screens,AT-SEC-009-P;AT-SEC-009-N;AT-SEC-009-A;AT-SEC-009-C;AT-SEC-009-V,"Parameterize SQL, validate server-side, sanitize app-managed file names/paths, reject path traversal/reparse-point escapes, validate imported/backup content, and never trust frontend state for authorization or values.",Not Run
SEC-010,Least privilege,"Security, identity, RBAC & audit",users; password_verifiers; sessions; roles; permissions; audit_events; settings,Login; lock; role editor; protected data screens,AT-SEC-010-P;AT-SEC-010-N;AT-SEC-010-A;AT-SEC-010-C;AT-SEC-010-V,"Tauri capability allowlists are narrow, no general frontend SQL command, no broad shell execution, no renderer Node privileges, no remote code or remote origin requirement, and no unnecessary filesystem scope.",Not Run
PAT-001,Patient registration,Patient management,patients; patient_contacts; histories; allergies; visits; appointments; prescriptions; invoices; payments; attachments; referrals; timeline_events,Patients list; patient profile; patient forms,AT-PAT-001-P;AT-PAT-001-N;AT-PAT-001-A;AT-PAT-001-C;AT-PAT-001-V,"Capture configurable unique patient code, full name, age/date of birth appropriately, gender, blood group where appropriate, address, phone, emergency contact, presenting/previous problems, allergies, relevant medical/dental history, notes, preferred language, referral source and registration date. Keep sensitive fields purpose-limited and permissioned.",Not Run
PAT-002,Patient list,Patient management,patients; patient_contacts; histories; allergies; visits; appointments; prescriptions; invoices; payments; attachments; referrals; timeline_events,Patients list; patient profile; patient forms,AT-PAT-002-P;AT-PAT-002-N;AT-PAT-002-A;AT-PAT-002-C;AT-PAT-002-V,"Newest registrations first by default; indexed/debounced search, sorting and real filters by code, name, phone, address, date range (Today, 7/30/90 days, 1 year, custom), status and useful dentist criteria; paginated/virtualized without a fixed record cap.",Not Run
PAT-003,One persistent longitudinal profile,Patient management,patients; patient_contacts; histories; allergies; visits; appointments; prescriptions; invoices; payments; attachments; referrals; timeline_events,Patients list; patient profile; patient forms,AT-PAT-003-P;AT-PAT-003-N;AT-PAT-003-A;AT-PAT-003-C;AT-PAT-003-V,"Unlimited visits, appointments, prescriptions, treatment records, invoices, payments, attachments, referrals, timeline events and dental chart history subject to device/database capacity.",Not Run
PAT-004,Profile overview,Patient management,patients; patient_contacts; histories; allergies; visits; appointments; prescriptions; invoices; payments; attachments; referrals; timeline_events,Patients list; patient profile; patient forms,AT-PAT-004-P;AT-PAT-004-N;AT-PAT-004-A;AT-PAT-004-C;AT-PAT-004-V,"Show visit count, latest visit, upcoming appointment, recent activity, timeline, demographics/contact, medical/dental history/allergies, appointments, visits, treatments, prescriptions, referrals, attachments and dental-chart history.",Not Run
PAT-005,Financial privacy,Patient management,patients; patient_contacts; histories; allergies; visits; appointments; prescriptions; invoices; payments; attachments; referrals; timeline_events,Patients list; patient profile; patient forms,AT-PAT-005-P;AT-PAT-005-N;AT-PAT-005-A;AT-PAT-005-C;AT-PAT-005-V,"Show invoice total, amount paid, outstanding amount and payment history only to users with the appropriate independent financial permission. Clinical/patient permission alone does not imply financial access.",Not Run
PAT-006,Context workflows,Patient management,patients; patient_contacts; histories; allergies; visits; appointments; prescriptions; invoices; payments; attachments; referrals; timeline_events,Patients list; patient profile; patient forms,AT-PAT-006-P;AT-PAT-006-N;AT-PAT-006-A;AT-PAT-006-C;AT-PAT-006-V,"From the profile, authorized users can create a visit, appointment, prescription, invoice, payment, referral, attachment and note with patient identity carried safely into the real workflow.",Not Run
PAT-007,Record retention,Patient management,patients; patient_contacts; histories; allergies; visits; appointments; prescriptions; invoices; payments; attachments; referrals; timeline_events,Patients list; patient profile; patient forms,AT-PAT-007-P;AT-PAT-007-N;AT-PAT-007-A;AT-PAT-007-C;AT-PAT-007-V,Patient deactivation/soft deletion and corrections retain dependent clinical/financial history and audit trail. No uncontrolled cascade deletes or silent history overwrite.,Not Run
CLN-001,Distinct visits,Clinical records & timeline,visits; observations; clinical_templates; timeline_events; audit_events,Patient profile; visit editor; clinical timeline,AT-CLN-001-P;AT-CLN-001-N;AT-CLN-001-A;AT-CLN-001-C;AT-CLN-001-V,"A visit is not an appointment. Persist patient, clinician, timestamp, reason/complaint, examination, assessment/diagnosis, chart findings, procedures/treatments, anesthesia/material details when entered, prescription, advice/follow-up, referral and attachments as applicable.",Not Run
CLN-002,Editable clinical capture,Clinical records & timeline,visits; observations; clinical_templates; timeline_events; audit_events,Patient profile; visit editor; clinical timeline,AT-CLN-002-P;AT-CLN-002-N;AT-CLN-002-A;AT-CLN-002-C;AT-CLN-002-V,"C/C, O/E and R/E/advice offer optional configurable choices plus free-form notes. Custom clinician text is never forced into the vocabulary; no diagnosis is mandatory merely because an option exists.",Not Run
CLN-003,Clinical templates,Clinical records & timeline,visits; observations; clinical_templates; timeline_events; audit_events,Patient profile; visit editor; clinical timeline,AT-CLN-003-P;AT-CLN-003-N;AT-CLN-003-A;AT-CLN-003-C;AT-CLN-003-V,"Authorized users configure and version visit, complaint, examination, advice and prescription template content. Editing a template never changes previously saved records.",Not Run
CLN-004,Clinical amendments,Clinical records & timeline,visits; observations; clinical_templates; timeline_events; audit_events,Patient profile; visit editor; clinical timeline,AT-CLN-004-P;AT-CLN-004-N;AT-CLN-004-A;AT-CLN-004-C;AT-CLN-004-V,"Historical clinical records are preserved. Corrections/addenda require permission, reason and audit; finalized records are not silently replaced.",Not Run
CLN-005,Clinical timeline,Clinical records & timeline,visits; observations; clinical_templates; timeline_events; audit_events,Patient profile; visit editor; clinical timeline,AT-CLN-005-P;AT-CLN-005-N;AT-CLN-005-A;AT-CLN-005-C;AT-CLN-005-V,"Chronological timeline reflects actual registration, appointment lifecycle, visit, observation, chart/treatment, prescription, referral, invoice/payment when permitted, attachment, note and follow-up events. Events record timestamp, actor, dentist/source where relevant, and metadata; timeline is filterable and never fabricated.",Not Run
DENT-001,Dentition and numbering,Dental chart,visits; teeth; tooth_conditions; tooth_surfaces; chart_snapshots,Patient profile; visit dental chart; print preview,AT-DENT-001-P;AT-DENT-001-N;AT-DENT-001-A;AT-DENT-001-C;AT-DENT-001-V,Accessible visual and keyboard selection for all 32 adult teeth and 20 primary teeth using standard FDI numbering; visibly differentiate adult and pediatric charts.,Not Run
DENT-002,Conditions and surfaces,Dental chart,visits; teeth; tooth_conditions; tooth_surfaces; chart_snapshots,Patient profile; visit dental chart; print preview,AT-DENT-002-P;AT-DENT-002-N;AT-DENT-002-A;AT-DENT-002-C;AT-DENT-002-V,"Support healthy, caries, restored, missing, extracted, root-canal treated, crown, bridge, implant, impacted, fractured, mobility, periodontal involvement and configurable additional conditions. Where applicable support mesial, distal, occlusal/incisal, buccal/facial, lingual/palatal surfaces and one/multiple teeth.",Not Run
DENT-003,Historical chart,Dental chart,visits; teeth; tooth_conditions; tooth_surfaces; chart_snapshots,Patient profile; visit dental chart; print preview,AT-DENT-003-P;AT-DENT-003-N;AT-DENT-003-A;AT-DENT-003-C;AT-DENT-003-V,Store chart observations/conditions against visit/time so later changes do not destroy prior state. Clinicians document findings/treatments; include/print the configured view without chart clipping on smaller layouts.,Not Run
TX-001,Treatment catalog,Treatment catalog & records,treatments; treatment_records; visits; invoice_items,Clinical Treatments; visit; patient profile; invoice editor,AT-TX-001-P;AT-TX-001-N;AT-TX-001-A;AT-TX-001-C;AT-TX-001-V,Code/name/category/description/standard fee/duration/tax-or-discount behavior/active state and configurable custom entries. Editing a catalog fee never changes a historical service or invoice snapshot.,Not Run
TX-002,Treatment record links,Treatment catalog & records,treatments; treatment_records; visits; invoice_items,Clinical Treatments; visit; patient profile; invoice editor,AT-TX-002-P;AT-TX-002-N;AT-TX-002-A;AT-TX-002-C;AT-TX-002-V,"Preserve links to patient, visit, clinician, treatment and invoice where applicable; transactions are atomic and audit controlled historical edits.",Not Run
FILE-001,Attachments,Attachments & referrals,attachments; attachment_blobs; referrals; patients; timeline_events; audit_events,Patient profile; attachment picker/preview; referral form,AT-FILE-001-P;AT-FILE-001-N;AT-FILE-001-A;AT-FILE-001-C;AT-FILE-001-V,"A real Windows file picker selects/copies an allowed file into app-managed storage; validate existence/type/size, preserve original source, safely preview supported files, provide a clear external-open path for unsupported types, handle missing files, and delete only with permission and audit. Store opaque safe identifiers/metadata, never trust arbitrary source paths as storage locations.",Not Run
FILE-002,Referrals,Attachments & referrals,attachments; attachment_blobs; referrals; patients; timeline_events; audit_events,Patient profile; attachment picker/preview; referral form,AT-FILE-002-P;AT-FILE-002-N;AT-FILE-002-A;AT-FILE-002-C;AT-FILE-002-V,"Record patient, source/recipient, clinician, date, reason/instructions and follow-up; show as a genuine timeline/profile event and preserve history.",Not Run
APT-001,Appointment data,Appointments,appointments; appointment_status_events; dentists; working_hours; patients,Appointments calendar/list; patient profile; appointment form,AT-APT-001-P;AT-APT-001-N;AT-APT-001-A;AT-APT-001-C;AT-APT-001-V,"Patient, dentist, start/end/duration, reason/type, status, notes, source and create/update metadata; default appointment statuses include scheduled, confirmed, arrived, in queue, in progress, completed, cancelled, rescheduled and no-show.",Not Run
APT-002,Views and controls,Appointments,appointments; appointment_status_events; dentists; working_hours; patients,Appointments calendar/list; patient profile; appointment form,AT-APT-002-P;AT-APT-002-N;AT-APT-002-A;AT-APT-002-C;AT-APT-002-V,"Real day/week/month and list views with date, dentist, status, patient and appointment-type filters; sorting/date controls change displayed records.",Not Run
APT-003,Lifecycle,Appointments,appointments; appointment_status_events; dentists; working_hours; patients,Appointments calendar/list; patient profile; appointment form,AT-APT-003-P;AT-APT-003-N;AT-APT-003-A;AT-APT-003-C;AT-APT-003-V,Create from appointment screen or patient context. Record arrival/completion/no-show/cancel; rescheduling preserves old time/status history; cancellation/no-show are explicit and audited.,Not Run
APT-004,Scheduling safety,Appointments,appointments; appointment_status_events; dentists; working_hours; patients,Appointments calendar/list; patient profile; appointment form,AT-APT-004-P;AT-APT-004-N;AT-APT-004-A;AT-APT-004-C;AT-APT-004-V,Use dentist working schedule and configurable duration/appointment rules; detect overlapping assignments and clearly warn or block per clinic policy. Any permitted override is authorized and audited; never silently double-book.,Not Run
QUEUE-001,Real daily queue,Queue management,queue_entries; appointments; status_events; patients; dentists,Queue; appointment detail,AT-QUEUE-001-P;AT-QUEUE-001-N;AT-QUEUE-001-A;AT-QUEUE-001-C;AT-QUEUE-001-V,"Show today's arrived/waiting patients, appointment, arrival time, dentist, reason, priority where enabled, state and elapsed/estimated wait.",Not Run
QUEUE-002,Fast actions,Queue management,queue_entries; appointments; status_events; patients; dentists,Queue; appointment detail,AT-QUEUE-002-P;AT-QUEUE-002-N;AT-QUEUE-002-A;AT-QUEUE-002-C;AT-QUEUE-002-V,"Authorized queue users can move through arrived, waiting, called, in treatment, completed, skipped and configured states with immediate persisted result, audit and keyboard-friendly workflow; avoid unnecessary dialogs.",Not Run
QUEUE-003,Queue accuracy,Queue management,queue_entries; appointments; status_events; patients; dentists,Queue; appointment detail,AT-QUEUE-003-P;AT-QUEUE-003-N;AT-QUEUE-003-A;AT-QUEUE-003-C;AT-QUEUE-003-V,Derive queue state and waits from persisted timestamps and appointment/arrival transitions. Queue actions remain idempotent/safe under rapid repeated input.,Not Run
RX-001,Prescription workflow,Prescription service,prescriptions; prescription_items; medicine_templates; visits; patients; dentists; audit_events,Prescriptions; patient profile; prescription editor,AT-RX-001-P;AT-RX-001-N;AT-RX-001-A;AT-RX-001-C;AT-RX-001-V,"Create from a patient context or global section; every prescription has a patient, prescriber, date/time and persisted state.",Not Run
RX-002,Medicine lines,Prescription service,prescriptions; prescription_items; medicine_templates; visits; patients; dentists; audit_events,Prescriptions; patient profile; prescription editor,AT-RX-002-P;AT-RX-002-N;AT-RX-002-A;AT-RX-002-C;AT-RX-002-V,"Multiple lines with custom/free-text medicine name, form, strength/power, dose, frequency, timing, before/after food, duration, quantity, route, conditional instruction and additional instructions; templates are reusable but never mandatory.",Not Run
RX-003,Complaint/examination capture,Prescription service,prescriptions; prescription_items; medicine_templates; visits; patients; dentists; audit_events,Prescriptions; patient profile; prescription editor,AT-RX-003-P;AT-RX-003-N;AT-RX-003-A;AT-RX-003-C;AT-RX-003-V,"Offer configurable selectable dental complaints (including pain, G. caries, swelling, gum bleeding, halitosis/bad breath, sensitivity) and observations (including caries/G. caries, configured BDR/BDC terminology, gingivitis, periodontal pocket/periodontitis, pulpitis, impacted teeth, dry socket, attrition/erosion). Keep them optional and editable with free text; no automatic clinical recommendation.",Not Run
RX-004,Finalization integrity,Prescription service,prescriptions; prescription_items; medicine_templates; visits; patients; dentists; audit_events,Prescriptions; patient profile; prescription editor,AT-RX-004-P;AT-RX-004-N;AT-RX-004-A;AT-RX-004-C;AT-RX-004-V,Preview/edit before finalization; finalized prescription contents and the rendered document correspond to the persisted record. Amendments require permission and history; no invisible rewrite.,Not Run
DOC-001,Prescription identity,Document rendering & printing,clinic_profile; dentists; prescriptions; prescription_items; invoices; invoice_items; printer_profiles; paper_profiles; document_snapshots,Print preview; prescription; invoice; printer settings,AT-DOC-001-P;AT-DOC-001-N;AT-DOC-001-A;AT-DOC-001-C;AT-DOC-001-V,"Document contains clinic name/logo/address/phone; prescriber name, multiple designations/certifications/qualifications; patient name/gender/age-or-date as configured/code and date. Long identities wrap professionally.",Not Run
DOC-002,Prescription hierarchy,Document rendering & printing,clinic_profile; dentists; prescriptions; prescription_items; invoices; invoice_items; printer_profiles; paper_profiles; document_snapshots,Print preview; prescription; invoice; printer settings,AT-DOC-002-P;AT-DOC-002-N;AT-DOC-002-A;AT-DOC-002-C;AT-DOC-002-V,Distinct clinical complaint/examination/advice area and multiple medicine lines with readable hierarchy; configured clinic messages/schedule/follow-up/emergency text; substantial blank signing area above a signature line. No default content crowds or pushes the signature unexpectedly.,Not Run
DOC-003,Paper profiles,Document rendering & printing,clinic_profile; dentists; prescriptions; prescription_items; invoices; invoice_items; printer_profiles; paper_profiles; document_snapshots,Print preview; prescription; invoice; printer settings,AT-DOC-003-P;AT-DOC-003-N;AT-DOC-003-A;AT-DOC-003-C;AT-DOC-003-V,"A4, A5, supported thermal/receipt/mini widths and supported custom dimensions; portrait/landscape where useful, appropriate margins, scaling and pagination per document profile. Narrow paper gets a dedicated layout, not blindly scaled A4.",Not Run
DOC-004,Preview and printer selection,Document rendering & printing,clinic_profile; dentists; prescriptions; prescription_items; invoices; invoice_items; printer_profiles; paper_profiles; document_snapshots,Print preview; prescription; invoice; printer settings,AT-DOC-004-P;AT-DOC-004-N;AT-DOC-004-A;AT-DOC-004-C;AT-DOC-004-V,"Real preview before printing; list/choose Windows-installed printers and supported settings/copies; standard Windows drivers, including user-selected Microsoft Print to PDF/equivalent where present. Direct PDF export is separate and local.",Not Run
DOC-005,Unicode and output integrity,Document rendering & printing,clinic_profile; dentists; prescriptions; prescription_items; invoices; invoice_items; printer_profiles; paper_profiles; document_snapshots,Print preview; prescription; invoice; printer settings,AT-DOC-005-P;AT-DOC-005-N;AT-DOC-005-A;AT-DOC-005-C;AT-DOC-005-V,"Bundled redistributable font fallback renders Bengali/English in app preview, PDF and print. Long Bengali/medicine/clinic/qualification text wraps; no clipping, corrupt shaping, table/page overflow, orphaned totals or lost signature area. Test generated PDFs programmatically and visually at paper profiles.",Not Run
DOC-006,Print error handling,Document rendering & printing,clinic_profile; dentists; prescriptions; prescription_items; invoices; invoice_items; printer_profiles; paper_profiles; document_snapshots,Print preview; prescription; invoice; printer settings,AT-DOC-006-P;AT-DOC-006-N;AT-DOC-006-A;AT-DOC-006-C;AT-DOC-006-V,"Printer unavailable/offline, invalid paper/driver, cancellation, file permission and PDF failures produce understandable errors and retry/cancel recovery; never report success before a completed print/export operation.",Not Run
BILL-001,Invoice calculation,Invoices & billing,invoices; invoice_items; treatment_records; patients; payments; payment_allocations,Invoice; patient profile; invoice preview,AT-BILL-001-P;AT-BILL-001-N;AT-BILL-001-A;AT-BILL-001-C;AT-BILL-001-V,"Unique configurable invoice numbers; patient/date; catalog or custom line snapshots with description, quantity, unit price, discount, optional tax/adjustment, subtotal, total, paid, due and status. Use integer poisha/decimal-safe math, explicit rounding and validated amounts.",Not Run
BILL-002,Historical and transactional integrity,Invoices & billing,invoices; invoice_items; treatment_records; patients; payments; payment_allocations,Invoice; patient profile; invoice preview,AT-BILL-002-P;AT-BILL-002-N;AT-BILL-002-A;AT-BILL-002-C;AT-BILL-002-V,"Snapshot descriptions, prices, discounts/tax and patient/document identity as required at issue time; never recompute old invoice line prices from today's catalog. Invoice creation and linked visit/treatment operations commit atomically where appropriate. Duplicate invoice numbers are impossible.",Not Run
BILL-003,Payment states,Invoices & billing,invoices; invoice_items; treatment_records; patients; payments; payment_allocations,Invoice; patient profile; invoice preview,AT-BILL-003-P;AT-BILL-003-N;AT-BILL-003-A;AT-BILL-003-C;AT-BILL-003-V,"Support unpaid, partial, full, overpayment policy and outstanding balances from actual allocations. A failed DB write cannot show a successful invoice/payment. Corrections use void/reversal/refund entries, not deleting settled history.",Not Run
BILL-004,Invoice document,Invoices & billing,invoices; invoice_items; treatment_records; patients; payments; payment_allocations,Invoice; patient profile; invoice preview,AT-BILL-004-P;AT-BILL-004-N;AT-BILL-004-A;AT-BILL-004-C;AT-BILL-004-V,"Clinic branding, invoice/date/patient, detailed items, quantity, unit prices, discounts/tax, subtotal, total, paid/due and payment status; no doctor signature unless an explicit setting is added. A4/A5/thermal/mini profiles paginate and keep totals together/readable.",Not Run
PAY-001,Payment record,Payments & allocation,payments; payment_allocations; invoices; patients; payment_methods; audit_events,Payments; invoice; patient profile,AT-PAY-001-P;AT-PAY-001-N;AT-PAY-001-A;AT-PAY-001-C;AT-PAY-001-V,"Patient, independently recorded transaction, invoice allocation(s), timestamp, amount, method, reference/transaction ID, receiver and notes. Methods: Cash, Bank, Card, Mobile Wallet; wallet classification includes bKash, Nagad, Rocket, Upay and Others. This is offline classification, not an API integration.",Not Run
PAY-002,Payment screens and filters,Payments & allocation,payments; payment_allocations; invoices; patients; payment_methods; audit_events,Payments; invoice; patient profile,AT-PAY-002-P;AT-PAY-002-N;AT-PAY-002-A;AT-PAY-002-C;AT-PAY-002-V,"Today default, 7/30/90 days, 1 year and custom date range; totals/reports reflect actual persisted eligible transactions and user permissions.",Not Run
PAY-003,Allocation invariant,Payments & allocation,payments; payment_allocations; invoices; patients; payment_methods; audit_events,Payments; invoice; patient profile,AT-PAY-003-P;AT-PAY-003-N;AT-PAY-003-A;AT-PAY-003-C;AT-PAY-003-V,Sum of allocations cannot exceed captured payment except an explicitly supported unapplied credit; invoice paid/due is derived consistently. Reversals/refunds remain traceable and balance correctly.,Not Run
ACC-001,Income/expense ledger,Accounting & reporting,income_entries; expenses; accounting_categories; payments; inventory_transactions; audit_events,Accounting; reports; export/print,AT-ACC-001-P;AT-ACC-001-N;AT-ACC-001-A;AT-ACC-001-C;AT-ACC-001-V,"Configurable categories; patient receipts are not double-counted as separate income; other income and expenses include rent, electricity, internet, staff salary, dental accessories/materials, equipment, maintenance, transportation, office costs, utilities and other clinic-configured categories, with timestamp, amount, category, user, payee/source, notes and audit.",Not Run
ACC-002,Financial reports,Accounting & reporting,income_entries; expenses; accounting_categories; payments; inventory_transactions; audit_events,Accounting; reports; export/print,AT-ACC-002-P;AT-ACC-002-N;AT-ACC-002-A;AT-ACC-002-C;AT-ACC-002-V,"Daily/weekly/monthly/quarterly/yearly/custom totals, income-versus-expense, receivables, payment method, expense category and inventory purchases; use consistent BDT dates/rounding and actual transactions.",Not Run
ACC-003,Financial isolation,Accounting & reporting,income_entries; expenses; accounting_categories; payments; inventory_transactions; audit_events,Accounting; reports; export/print,AT-ACC-003-P;AT-ACC-003-N;AT-ACC-003-A;AT-ACC-003-C;AT-ACC-003-V,"Require explicit financial/report permissions at business-service and query level for every total, balance, detail, export, print and search preview. Invoice/payment entry permission may exist without clinic-wide revenue analytics.",Not Run
ACC-004,Report output,Accounting & reporting,income_entries; expenses; accounting_categories; payments; inventory_transactions; audit_events,Accounting; reports; export/print,AT-ACC-004-P;AT-ACC-004-N;AT-ACC-004-A;AT-ACC-004-C;AT-ACC-004-V,"Authorized export/print uses real filtered data, records selection/time/user in appropriate audit, and handles empty/error states honestly.",Not Run
STOCK-001,Inventory metadata,Inventory & suppliers,inventory_items; suppliers; stock_batches; stock_transactions; expenses; notifications; audit_events,Inventory; supplier; stock movement; report,AT-STOCK-001-P;AT-STOCK-001-N;AT-STOCK-001-A;AT-STOCK-001-C;AT-STOCK-001-V,"Track dental accessories, consumables, materials, medicines and clinic supplies. Capture item name, SKU/code, category, supplier/purchase source, unit, purchase/usage cost, opening/on-hand quantity, minimum threshold, batch/lot, expiry/purchase dates, supplier contact, notes and audit metadata.",Not Run
STOCK-002,Stock movements,Inventory & suppliers,inventory_items; suppliers; stock_batches; stock_transactions; expenses; notifications; audit_events,Inventory; supplier; stock movement; report,AT-STOCK-002-P;AT-STOCK-002-N;AT-STOCK-002-A;AT-STOCK-002-C;AT-STOCK-002-V,"Persist stock-in, consumption/stock-out and reasoned manual adjustments as append-only transactions; derive on-hand quantity; supplier management, inventory reports and purchases.",Not Run
STOCK-003,Stock safety,Inventory & suppliers,inventory_items; suppliers; stock_batches; stock_transactions; expenses; notifications; audit_events,Inventory; supplier; stock movement; report,AT-STOCK-003-P;AT-STOCK-003-N;AT-STOCK-003-A;AT-STOCK-003-C;AT-STOCK-003-V,Prevent negative on-hand stock by default; configurable exception only with explicit authority/policy. Every adjustment is audited; low-stock and expiring-soon notifications are generated from current persisted state and deduplicated.,Not Run
STOCK-004,Expiry and report accuracy,Inventory & suppliers,inventory_items; suppliers; stock_batches; stock_transactions; expenses; notifications; audit_events,Inventory; supplier; stock movement; report,AT-STOCK-004-P;AT-STOCK-004-N;AT-STOCK-004-A;AT-STOCK-004-C;AT-STOCK-004-V,"Filter/report by supplier, category, low stock, expiry and date; expiry warnings use configured clinic thresholds and real batch quantities.",Not Run
STAFF-001,Staff profiles,Staff and account management,staff; users; roles; audit_events,Staff & Users; staff profile; role assignment,AT-STAFF-001-P;AT-STAFF-001-N;AT-STAFF-001-A;AT-STAFF-001-C;AT-STAFF-001-V,"Purpose-appropriate name, section/role, DOB/age where configured, address, blood group where justified, ID, photo, contacts, salary, employment status, joining date and notes. Sensitive PII/salary access is separately permissioned and minimized.",Not Run
STAFF-002,Staff/account separation,Staff and account management,staff; users; roles; audit_events,Staff & Users; staff profile; role assignment,AT-STAFF-002-P;AT-STAFF-002-N;AT-STAFF-002-A;AT-STAFF-002-C;AT-STAFF-002-V,A staff member may have no login. Login username is unique; account enable/disable and staff employment status are distinct and audited.,Not Run
DASH-001,Operational dashboard,Dashboard,appointments; queue_entries; visits; patients; invoices; payments; inventory_items; notifications,Dashboard widgets and charts,AT-DASH-001-P;AT-DASH-001-N;AT-DASH-001-A;AT-DASH-001-C;AT-DASH-001-V,"Data-driven today patients/appointments, waiting queue, completed visits, pending/missed appointments, recent patients/activity, upcoming appointments, inventory low/expiry and actionable notices. Empty/no-data states are useful; no production hardcoded demo values.",Not Run
DASH-002,Permission-aware finance,Dashboard,appointments; queue_entries; visits; patients; invoices; payments; inventory_items; notifications,Dashboard widgets and charts,AT-DASH-002-P;AT-DASH-002-N;AT-DASH-002-A;AT-DASH-002-C;AT-DASH-002-V,Today revenue/payments/receivables and financial chart widgets appear only when separately authorized; clinical/reception roles see only relevant permitted information.,Not Run
DASH-003,Real widgets,Dashboard,appointments; queue_entries; visits; patients; invoices; payments; inventory_items; notifications,Dashboard widgets and charts,AT-DASH-003-P;AT-DASH-003-N;AT-DASH-003-A;AT-DASH-003-C;AT-DASH-003-V,"Chart totals/series derive from database, support permission-safe configurable widgets where appropriate, and provide loading, failure and empty states with retry when meaningful.",Not Run
SEARCH-001,Global search,Global search,patients; appointments; prescriptions; medicines; invoices; payments; inventory_items; suppliers; staff; users; visits,Global search overlay/page and result panels,AT-SEARCH-001-P;AT-SEARCH-001-N;AT-SEARCH-001-A;AT-SEARCH-001-C;AT-SEARCH-001-V,"Search patients by name/code/phone/address/configured identifiers; appointments by patient/date/dentist/status; prescriptions by patient/date/dentist/medicine; invoices by number/patient/date/status; payments by patient/reference/date/method; inventory by item/SKU/supplier/batch/expiry; staff/users by name/role/status; and permitted clinical records. Search is debounced, indexed, keyboard-shortcut accessible, paginated and useful.",Not Run
SEARCH-002,Search authorization,Global search,patients; appointments; prescriptions; medicines; invoices; payments; inventory_items; suppliers; staff; users; visits,Global search overlay/page and result panels,AT-SEARCH-002-P;AT-SEARCH-002-N;AT-SEARCH-002-A;AT-SEARCH-002-C;AT-SEARCH-002-V,"Apply the same permission checks and field filtering to query, counts, snippets and result previews; never leak restricted clinical, salary or financial values through global search.",Not Run
NOTIFY-001,Real notification center,Notification center,notifications; appointments; inventory_items; payments; backup_metadata; audit_events,Header notification center; notification history,AT-NOTIFY-001-P;AT-NOTIFY-001-N;AT-NOTIFY-001-A;AT-NOTIFY-001-C;AT-NOTIFY-001-V,"Persist read/unread/history for actual upcoming/missed appointments, low/expiring stock, authorized outstanding balances, backup results/failures, security events and actionable tasks. Permission-filter, deduplicate and avoid spam.",Not Run
BACKUP-001,Configurable local backup,Backup & restore,backup_metadata; database; attachment_blobs; settings; clinic_profile,Backup & Restore; Windows folder/save picker; progress/recovery dialogs,AT-BACKUP-001-P;AT-BACKUP-001-N;AT-BACKUP-001-A;AT-BACKUP-001-C;AT-BACKUP-001-V,"Admin selects a folder with a real Windows folder picker; manual and 7/15/30-day schedule, safe timestamped filenames, retention policy, progress/cancel behavior, and actual status notification. No hardcoded production path.",Not Run
BACKUP-002,"Complete, consistent contents",Backup & restore,backup_metadata; database; attachment_blobs; settings; clinic_profile,Backup & Restore; Windows folder/save picker; progress/recovery dialogs,AT-BACKUP-002-P;AT-BACKUP-002-N;AT-BACKUP-002-A;AT-BACKUP-002-C;AT-BACKUP-002-V,"Include a transactionally consistent database and required attachments/configuration/recovery metadata; exclude caches, temporary files, logs and unrelated secrets. Integrity hashes and schema/version manifest.",Not Run
BACKUP-003,Safe restore,Backup & restore,backup_metadata; database; attachment_blobs; settings; clinic_profile,Backup & Restore; Windows folder/save picker; progress/recovery dialogs,AT-BACKUP-003-P;AT-BACKUP-003-N;AT-BACKUP-003-A;AT-BACKUP-003-C;AT-BACKUP-003-V,"Select and validate one self-contained backup at a time; verify checksum, encryption/authenticity, database integrity and supported schema before restore; create and verify a pre-restore backup first; stage restore and atomically switch only after success; preserve current database on failure.",Not Run
BACKUP-004,Recovery UX,Backup & restore,backup_metadata; database; attachment_blobs; settings; clinic_profile,Backup & Restore; Windows folder/save picker; progress/recovery dialogs,AT-BACKUP-004-P;AT-BACKUP-004-N;AT-BACKUP-004-A;AT-BACKUP-004-C;AT-BACKUP-004-V,"Show progress without freezing UI; handle locked/inaccessible folders, missing media, disk full, wrong recovery secret, corrupt/partial/incompatible backups and cancellation with a clear recoverable explanation. Keep recovery path and audit event.",Not Run
OPS-001,Error handling,Operational resilience & UX,settings; logs; database; files; sessions; audit_events,All data screens; application lifecycle; icon/installer,AT-OPS-001-P;AT-OPS-001-N;AT-OPS-001-A;AT-OPS-001-C;AT-OPS-001-V,"Return safe structured application errors, field-level validation, retry where useful and local technical logs with redaction. No raw stack trace for normal users, silent swallow, false success or logged secrets/health narrative.",Not Run
OPS-002,Performance,Operational resilience & UX,settings; logs; database; files; sessions; audit_events,All data screens; application lifecycle; icon/installer,AT-OPS-002-P;AT-OPS-002-N;AT-OPS-002-A;AT-OPS-002-C;AT-OPS-002-V,"Debounce search; paginate/virtualize large lists/timelines/attachments; run DB, backup, restore and PDF work off UI thread; keep UI responsive and use realistic test data.",Not Run
OPS-003,Data lifecycle,Operational resilience & UX,settings; logs; database; files; sessions; audit_events,All data screens; application lifecycle; icon/installer,AT-OPS-003-P;AT-OPS-003-N;AT-OPS-003-A;AT-OPS-003-C;AT-OPS-003-V,"Graceful application restart/close, single-instance or serialized DB safety, clean migrations, durability after restart and explicit data-preserving uninstall behavior.",Not Run
OPS-004,Application icon,Operational resilience & UX,settings; logs; database; files; sessions; audit_events,All data screens; application lifecycle; icon/installer,AT-OPS-004-P;AT-OPS-004-N;AT-OPS-004-A;AT-OPS-004-C;AT-OPS-004-V,"Original, optically centered transparent source artwork combining a custom dental identity with DCMS Pro mark; build and inspect appropriate ICO sizes at taskbar/shortcut/Start Menu/installer/titlebar; no emoji/stock icon/cropped or white-corner artifact.",Not Run
DB-001,Relational model,Persistence & migrations,All normalized entities; schema_migrations,Repository/service boundary; startup/migration/maintenance,AT-DB-001-P;AT-DB-001-N;AT-DB-001-A;AT-DB-001-C;AT-DB-001-V,"Normalize clinic, dentists/designations/qualifications/schedules, staff/users/roles/permissions, patients/contacts/history/allergies, visits/observations/chart/tooth conditions, treatment catalog/records, appointments/status history/queue, prescriptions/items/templates, medicines, referrals, attachments, invoices/items, payments/allocations/methods, inventory/suppliers/batches/stock transactions, income/expense/categories, notifications, audit, backup metadata, printer profiles and settings as needed.",Not Run
DB-002,Integrity,Persistence & migrations,All normalized entities; schema_migrations,Repository/service boundary; startup/migration/maintenance,AT-DB-002-P;AT-DB-002-N;AT-DB-002-A;AT-DB-002-C;AT-DB-002-V,Foreign keys on every connection; explicit uniqueness/check constraints and indexes for actual filters/search; transactions for multi-step operations; intentional cascade/restrict/soft-delete policy; no orphaned clinically/financially important records.,Not Run
DB-003,Migrations,Persistence & migrations,All normalized entities; schema_migrations,Repository/service boundary; startup/migration/maintenance,AT-DB-003-P;AT-DB-003-N;AT-DB-003-A;AT-DB-003-C;AT-DB-003-V,"Versioned, ordered migration files; clean install and supported in-place migration tests; schema compatibility checks for restore; migration failure preserves recoverable database and reports failure.",Not Run
DB-004,Unlimited records/performance,Persistence & migrations,All normalized entities; schema_migrations,Repository/service boundary; startup/migration/maintenance,AT-DB-004-P;AT-DB-004-N;AT-DB-004-A;AT-DB-004-C;AT-DB-004-V,No artificial patient/history max. Store query/page cursors safely and test large synthetic data without shipping it. SQLite/database/file capacity remains the technical bound.,Not Run
DOC-007,Shared rendering,Document rendering & printing,clinic_profile; dentists; prescriptions; prescription_items; invoices; invoice_items; printer_profiles; paper_profiles; document_snapshots,Print preview; prescription; invoice; printer settings,AT-DOC-007-P;AT-DOC-007-N;AT-DOC-007-A;AT-DOC-007-C;AT-DOC-007-V,"Reusable local document model/template/rendering with separately configured prescription and invoice layout, deterministic paper profile, preview, print settings, pagination, Unicode fonts and testable generated artifact.",Not Run
REL-001,CI quality gates,"CI, installer & release",schema_migrations; release_artifacts; notices; installer metadata,GitHub Actions; Windows installer; About/licensing; dist fallback,AT-REL-001-P;AT-REL-001-N;AT-REL-001-A;AT-REL-001-C;AT-REL-001-V,"GitHub Actions installs locked dependencies; lint/type/static checks; unit, DB, authorization, integration, document and UI/E2E tests; Windows production build; release validation. Any required failing test/build blocks artifact publication.",Not Run
REL-002,Windows artifact,"CI, installer & release",schema_migrations; release_artifacts; notices; installer metadata,GitHub Actions; Windows installer; About/licensing; dist fallback,AT-REL-002-P;AT-REL-002-N;AT-REL-002-A;AT-REL-002-C;AT-REL-002-V,"Generate the production installer/executable on a Windows GitHub runner; production mode only, version/product metadata and icon verified, no dev server/debug menu/maps/mock data/test accounts/bypass, artifacts retained and SHA-256 checksummed.",Not Run
REL-003,Install/uninstall,"CI, installer & release",schema_migrations; release_artifacts; notices; installer metadata,GitHub Actions; Windows installer; About/licensing; dist fallback,AT-REL-003-P;AT-REL-003-N;AT-REL-003-A;AT-REL-003-C;AT-REL-003-V,"Start Menu entry, appropriate configurable/standard desktop shortcut, install/reinstall/upgrade behavior, Windows registration, working uninstaller and documented user-data retention (ordinary uninstall preserves clinic data unless an explicit separately confirmed deletion is chosen).",Not Run
REL-004,Clean-machine acceptance,"CI, installer & release",schema_migrations; release_artifacts; notices; installer metadata,GitHub Actions; Windows installer; About/licensing; dist fallback,AT-REL-004-P;AT-REL-004-N;AT-REL-004-A;AT-REL-004-C;AT-REL-004-V,"On isolated supported Windows, install without developer tools/source tree, activate, finish setup and exercise a representative patient/visit/appointment/prescription/invoice/payment/inventory/expense/backup/restart/restore/PDF/print workflow; verify uninstall/data policy.",Not Run
REL-005,Dependency/license audit,"CI, installer & release",schema_migrations; release_artifacts; notices; installer metadata,GitHub Actions; Windows installer; About/licensing; dist fallback,AT-REL-005-P;AT-REL-005-N;AT-REL-005-A;AT-REL-005-C;AT-REL-005-V,"Audit direct and transitive packages, runtime, fonts, icon sources and generated assets for commercial redistribution, obligations and vulnerabilities. Include required third-party notices/license text; avoid paid/closed/AGPL/GPL dependencies unless legal review approves a compatible use.",Not Run
REL-006,Release review,"CI, installer & release",schema_migrations; release_artifacts; notices; installer metadata,GitHub Actions; Windows installer; About/licensing; dist fallback,AT-REL-006-P;AT-REL-006-N;AT-REL-006-A;AT-REL-006-C;AT-REL-006-V,"Requirements-to-implementation and acceptance matrix review twice (before RC and immediately before final build); inspect every screen/route/action/permission, database relation, document, installer, workflow, logs, dependencies, secrets, external calls and TODO/development-only code. No release-blocking/high-severity defect or failing release gate.",Not Run
REL-007,Release publication,"CI, installer & release",schema_migrations; release_artifacts; notices; installer metadata,GitHub Actions; Windows installer; About/licensing; dist fallback,AT-REL-007-P;AT-REL-007-N;AT-REL-007-A;AT-REL-007-C;AT-REL-007-V,"Publish a GitHub Release with installer, release notes, checksums and relevant notices only from the final tested source/tag when permissions allow. If verified platform/permission limitations prevent release publishing, retain only intentional final artifacts/support files in `dist`; do not claim an unpublished release exists.",Not Run
REL-008,Human-controlled PRs,"CI, installer & release",schema_migrations; release_artifacts; notices; installer metadata,GitHub Actions; Windows installer; About/licensing; dist fallback,AT-REL-008-P;AT-REL-008-N;AT-REL-008-A;AT-REL-008-C;AT-REL-008-V,Work stays on the Arena session branch. Create/inspect coherent phase PRs when appropriate; the owner decides whether to merge. The agent must never merge.,Not Run
